,rpn/num_neg_anchors,roi_head/num_fg_samples,roi_head/num_bg_samples,fast_rcnn/cls_accuracy,fast_rcnn/fg_cls_accuracy,fast_rcnn/false_negative,rank_data_time,data_time,total_loss,loss_cls,loss_box_reg,loss_rpn_cls,loss_rpn_loc,lr,time,eta_seconds,bbox/AP,bbox/AP50,bbox/AP75,bbox/APs,bbox/APm,bbox/APl,bbox/AP-BJTU,bbox/AP-FHY,bbox/AP-MH,bbox/AP-TSG,bbox/AP-TYHT,bbox/AP-ZX,rpn/num_pos_anchors
0,248.375,3.0,253.0,0.9169921875,0.0,1.0,0.024037564173340797,0.024037564173340797,1.7845510244369507,1.4967210292816162,0.035507895052433014,0.1215643659234047,0.025099631398916245,0.0001462404616177082,0.2879164516925812,1433.8238525390625,11.344087600708008,32.91965103149414,4.154200077056885,16.25,15.924281120300293,12.30385684967041,17.993289947509766,14.801238059997559,7.672828674316406,0.10015869140625,0.3064592182636261,27.190553665161133,7.625
1,251.5,5.25,250.75,0.9794921875,0.0,1.0,0.049784936010837555,0.049784936010837555,0.38991788029670715,0.18013633787631989,0.07597942650318146,0.061787355691194534,0.010982123203575611,0.0002917567326221615,0.30884331464767456,1466.942138671875,29.42530632019043,66.87877655029297,20.662128448486328,40.0,24.50041389465332,33.124053955078125,33.92730712890625,23.167470932006836,33.73658752441406,24.426618576049805,18.48114585876465,42.81270217895508,4.5
2,250.25,7.0,249.0,0.97265625,0.0,1.0,0.02080278843641281,0.02080278843641281,0.37020933628082275,0.1777423918247223,0.09710703790187836,0.051533035933971405,0.014150175265967846,0.0004372730036266148,0.2626146972179413,1357.162353515625,37.757530212402344,77.13736724853516,37.41485595703125,45.0,45.40180969238281,38.59383010864258,32.243980407714844,25.052419662475586,44.330039978027344,31.119096755981445,40.747833251953125,53.05179977416992,5.75
3,250.125,7.5,248.5,0.970703125,0.0,1.0,0.02881985530257225,0.02881985530257225,0.3401866853237152,0.1546008586883545,0.1085062175989151,0.05882030352950096,0.015345916152000427,0.0005827893037348986,0.2555372416973114,1332.32666015625,35.93185806274414,76.07754516601562,25.739622116088867,40.0,37.05872344970703,37.210777282714844,44.74807357788086,31.399890899658203,25.79327964782715,27.509489059448242,36.42109298706055,49.71932601928711,5.875
4,249.875,8.375,247.625,0.96728515625,0.0,1.0,0.027730580419301987,0.027730580419301987,0.3562433421611786,0.16947108507156372,0.12616202235221863,0.03388897329568863,0.014097929000854492,0.0007283055456355214,0.2812676727771759,1332.5203857421875,40.820709228515625,84.00152587890625,33.80150604248047,30.0,42.35069274902344,42.2911376953125,44.200157165527344,38.38020706176758,31.592674255371094,24.95065689086914,51.232398986816406,54.568172454833984,6.125
5,251.0,10.5,245.5,0.958984375,0.0,1.0,0.02836565673351288,0.02836565673351288,0.38807183504104614,0.1823582649230957,0.15960069000720978,0.02432437054812908,0.01057096105068922,0.0008738218457438052,0.31580522656440735,1358.9090576171875,40.805423736572266,83.71006774902344,32.010894775390625,50.0,49.13643264770508,41.374305725097656,49.772682189941406,32.531410217285156,40.42051696777344,31.33543586730957,53.21782302856445,37.55467224121094,5.0
6,247.5,8.0,248.0,0.96875,0.0,1.0,0.031340911984443665,0.031340911984443665,0.3671039342880249,0.13979659974575043,0.11652577668428421,0.038023315370082855,0.020518288016319275,0.001019338145852089,0.3245282769203186,1374.9892578125,39.920166015625,80.44644927978516,27.76207160949707,45.0,37.91575241088867,42.093807220458984,44.247955322265625,34.653202056884766,38.255859375,29.132122039794922,46.58445739746094,46.64739990234375,8.5
7,250.375,9.5,246.5,0.962890625,0.0,1.0,0.040165264159440994,0.040165264159440994,0.34156498312950134,0.14959296584129333,0.13586390018463135,0.030210737138986588,0.016286421567201614,0.0011648543877527118,0.30790475010871887,1382.3214111328125,46.965877532958984,86.5710678100586,53.435569763183594,35.0,46.80144500732422,48.99650192260742,50.206787109375,37.938819885253906,42.74541091918945,34.61045837402344,59.93811798095703,56.35567855834961,5.625
8,251.0,9.25,246.75,0.9638671875,0.0,1.0,0.01864153891801834,0.01864153891801834,0.334439754486084,0.15934431552886963,0.13063588738441467,0.02753942832350731,0.011950244195759296,0.0013103706296533346,0.2890872359275818,1376.609375,40.84397888183594,85.33350372314453,33.58637619018555,80.0,44.882904052734375,41.181461334228516,48.41843795776367,37.325111389160156,38.438236236572266,27.468814849853516,49.66171646118164,43.75155258178711,5.0
9,248.25,9.625,246.375,0.96240234375,0.0,1.0,0.0273155365139246,0.0273155365139246,0.3484181761741638,0.13650593161582947,0.14222031831741333,0.03314753621816635,0.019256271421909332,0.0014558869879692793,0.2881844937801361,1370.897216796875,43.25016403198242,82.80996704101562,36.98455810546875,50.0,45.79215621948242,44.28785705566406,51.280155181884766,40.986324310302734,41.73308563232422,14.789515495300293,58.81435775756836,51.897560119628906,7.75
10,250.875,11.0,245.0,0.95703125,0.0,1.0,0.026747234165668488,0.026747234165668488,0.3578087091445923,0.1446954905986786,0.16646108031272888,0.017113186419010162,0.011194225400686264,0.0016014032298699021,0.26971232891082764,1352.6131591796875,44.93187713623047,84.42457580566406,44.579139709472656,36.66666793823242,43.26396942138672,47.04591751098633,51.54362106323242,40.67451858520508,39.58120346069336,28.90256690979004,57.87128829956055,51.01805877685547,5.125
11,247.125,9.875,246.125,0.966796875,0.08580043911933899,0.9129464030265808,0.031162437051534653,0.031162437051534653,0.33736276626586914,0.11071407049894333,0.13981091976165771,0.028992215171456337,0.02240350842475891,0.001746919471770525,0.19792653620243073,1332.1107177734375,45.70591735839844,86.46581268310547,50.06941604614258,50.0,53.23823165893555,45.887332916259766,52.5441780090332,44.60616683959961,41.30267333984375,28.562355041503906,60.270626068115234,46.94951629638672,8.875
12,251.75,10.5,245.5,0.96142578125,0.029411764815449715,0.8913043737411499,0.035147812217473984,0.035147812217473984,0.312962144613266,0.13516634702682495,0.14271248877048492,0.0306527279317379,0.009793693199753761,0.0018924357136711478,0.2984272837638855,1328.4144287109375,43.02132034301758,83.02889251708984,37.83121871948242,45.0,45.059043884277344,44.55118179321289,51.842041015625,37.10314178466797,41.313419342041016,27.053730010986328,50.2942008972168,50.521392822265625,4.25
13,250.0,9.25,246.75,0.9638671875,0.0,1.0,0.019794419407844543,0.019794419407844543,0.3719369173049927,0.14530541002750397,0.140703946352005,0.04519711434841156,0.013796336948871613,0.0020379519555717707,0.29517874121665955,1335.6346435546875,46.152950286865234,82.24201202392578,47.5207405090332,50.0,49.443450927734375,47.69114685058594,55.11771774291992,36.59485626220703,40.65456008911133,28.771839141845703,67.99340057373047,47.78532409667969,6.0
14,248.25,9.75,246.25,0.96435546875,0.010416666977107525,0.8146341443061829,0.026896296069025993,0.026896296069025993,0.30338039994239807,0.12206906080245972,0.13126346468925476,0.02543150633573532,0.01778636872768402,0.0021834683138877153,0.2939566969871521,1336.076171875,45.58778762817383,83.4691390991211,47.67023468017578,40.0,47.384883880615234,47.32557678222656,53.45328903198242,36.32743453979492,43.002254486083984,27.453794479370117,62.406410217285156,50.883541107177734,7.75
15,246.375,11.875,244.125,0.96484375,0.22102564573287964,0.672084629535675,0.034538350999355316,0.034538350999355316,0.3203832507133484,0.12529203295707703,0.14887627959251404,0.01670985296368599,0.022960223257541656,0.00232898467220366,0.28698229789733887,1330.3907470703125,45.76894760131836,82.14190673828125,44.30216598510742,50.0,48.83354949951172,47.327239990234375,55.42218017578125,35.48496627807617,40.242767333984375,31.384401321411133,64.99009704589844,47.08926010131836,9.625
16,250.5,11.625,244.375,0.9638671875,0.30069443583488464,0.5601134896278381,0.02814292721450329,0.02814292721450329,0.30038905143737793,0.12624171376228333,0.13403034210205078,0.019287873059511185,0.012768232263624668,0.002474500797688961,0.2248881310224533,1317.8035888671875,45.63936233520508,85.4953384399414,43.03652572631836,50.0,47.26765060424805,47.121925354003906,54.725921630859375,40.81276321411133,40.04860305786133,32.08711242675781,58.78712844848633,47.3746452331543,5.5
17,251.125,10.5,245.5,0.9716796875,0.36499518156051636,0.4549984037876129,0.030068662017583847,0.030068662017583847,0.23780138790607452,0.08877275884151459,0.1142086386680603,0.014738151803612709,0.010704461485147476,0.0026200171560049057,0.2504705786705017,1300.8070068359375,,,,,,,,,,,,,4.875
18,250.625,12.375,243.625,0.96630859375,0.41491803526878357,0.4621127247810364,0.03173369914293289,0.03173369914293289,0.29192396998405457,0.10675154626369476,0.14289450645446777,0.016266554594039917,0.01155645027756691,0.0027655335143208504,0.24501603841781616,1291.7269287109375,,,,,,,,,,,,,5.375
19,251.0,13.25,242.75,0.95947265625,0.35450267791748047,0.509200394153595,0.021590953692793846,0.021590953692793846,0.300775408744812,0.1264517903327942,0.15350818634033203,0.012375365942716599,0.009436400607228279,0.0029110496398061514,0.29370036721229553,1287.6861572265625,,,,,,,,,,,,,5.0
20,248.25,12.75,243.25,0.962890625,0.346230149269104,0.6120071411132812,0.03080153465270996,0.03080153465270996,0.30945801734924316,0.14004981517791748,0.14232078194618225,0.013009017333388329,0.01781725510954857,0.003056565998122096,0.3384762108325958,1291.498779296875,,,,,,,,,,,,,7.75
21,250.25,14.75,241.25,0.95361328125,0.3229166567325592,0.5641447305679321,0.02928691729903221,0.02928691729903221,0.32925134897232056,0.14452672004699707,0.16495952010154724,0.011776397004723549,0.010898357257246971,0.003202082123607397,0.285035103559494,1287.5421142578125,,,,,,,,,,,,,5.75
22,247.875,12.625,243.375,0.96728515625,0.45299285650253296,0.4727950990200043,0.012944461777806282,0.012944461777806282,0.28061529994010925,0.09903855621814728,0.12098747491836548,0.013503378257155418,0.022836286574602127,0.0033475984819233418,0.2978766858577728,1283.86865234375,,,,,,,,,,,,,8.125
23,249.5,13.5,242.5,0.96484375,0.3973684310913086,0.4817400574684143,0.021960409358143806,0.021960409358143806,0.3252144455909729,0.11748217046260834,0.15233340859413147,0.01601875014603138,0.014498405158519745,0.0034931148402392864,0.2958623170852661,1279.0400390625,,,,,,,,,,,,,6.5
24,251.5,13.0,243.0,0.97021484375,0.48968008160591125,0.49193549156188965,0.04410568252205849,0.04410568252205849,0.26054927706718445,0.10260230302810669,0.13324770331382751,0.009571481496095657,0.009539805352687836,0.0036386309657245874,0.25913798809051514,1272.55712890625,,,,,,,,,,,,,4.5
25,248.25,13.25,242.75,0.96484375,0.4321253001689911,0.546312153339386,0.026413924992084503,0.026413924992084503,0.30337125062942505,0.11531347036361694,0.15195241570472717,0.015951968729496002,0.016756268218159676,0.003784147324040532,0.2533152401447296,1263.300048828125,,,,,,,,,,,,,7.75
26,249.75,12.75,243.25,0.96923828125,0.4895833432674408,0.4501587450504303,0.03378010168671608,0.03378010168671608,0.27863967418670654,0.11538390815258026,0.1365877091884613,0.010934967547655106,0.013228073716163635,0.003929663449525833,0.22971171140670776,1254.8392333984375,,,,,,,,,,,,,6.25
27,248.5,11.125,244.875,0.96826171875,0.3726930320262909,0.5083542466163635,0.022850262001156807,0.022850262001156807,0.25609344244003296,0.10132504999637604,0.11514385044574738,0.024462413042783737,0.017929604277014732,0.004075179807841778,0.27628597617149353,1246.5821533203125,,,,,,,,,,,,,7.5
28,249.25,12.125,243.875,0.97216796875,0.45576924085617065,0.5114167332649231,0.04031645879149437,0.04031645879149437,0.24574734270572662,0.08753465116024017,0.1253776103258133,0.013588929548859596,0.013325974345207214,0.0042206961661577225,0.2725284993648529,1239.1307373046875,,,,,,,,,,,,,6.75
29,250.25,13.375,242.625,0.970703125,0.6366459727287292,0.36335402727127075,0.03517496585845947,0.03517496585845947,0.2377115786075592,0.09039504826068878,0.13041168451309204,0.0077921985648572445,0.010288814082741737,0.004366212524473667,0.32303714752197266,1239.8189697265625,,,,,,,,,,,,,5.75
30,251.25,15.5,240.5,0.9697265625,0.6645658016204834,0.3354341685771942,0.02994099259376526,0.02994099259376526,0.2856352627277374,0.09665905684232712,0.1589256227016449,0.008152352645993233,0.010679036378860474,0.004511728882789612,0.27794837951660156,1234.183349609375,,,,,,,,,,,,,4.75
31,251.25,14.0,242.0,0.9716796875,0.5902609825134277,0.39406487345695496,0.019669100642204285,0.019669100642204285,0.2480037808418274,0.08761806786060333,0.1391259878873825,0.011273474432528019,0.00961328949779272,0.004657244775444269,0.16273820400238037,1222.3099365234375,,,,,,,,,,,,,4.75
32,250.75,12.75,243.25,0.97412109375,0.650696873664856,0.34930312633514404,0.013557890430092812,0.013557890430092812,0.24008992314338684,0.08893996477127075,0.13266855478286743,0.009213568642735481,0.00964543130248785,0.004802761133760214,0.2112976610660553,1203.130859375,,,,,,,,,,,,,5.25
33,248.625,9.0,247.0,0.9775390625,0.5457070469856262,0.4542929232120514,0.03403898701071739,0.03403898701071739,0.24388258159160614,0.07711432874202728,0.10340464860200882,0.026156853884458542,0.018583599478006363,0.0049482774920761585,0.2925383746623993,1201.1712646484375,,,,,,,,,,,,,7.375
34,248.125,10.5,245.5,0.97314453125,0.4917293190956116,0.49398496747016907,0.014191596768796444,0.014191596768796444,0.259095162153244,0.07497638463973999,0.11205753684043884,0.022666743025183678,0.019596394151449203,0.005093793850392103,0.2865721583366394,1198.310791015625,,,,,,,,,,,,,7.875
35,250.375,11.875,244.125,0.97412109375,0.6031468510627747,0.3288288414478302,0.017680343240499496,0.017680343240499496,0.22986842691898346,0.07687205076217651,0.12673310935497284,0.014252638444304466,0.013245177455246449,0.005239310208708048,0.28259727358818054,1195.3892822265625,,,,,,,,,,,,,5.625
36,249.75,11.625,244.375,0.98046875,0.645759105682373,0.35424092411994934,0.032798197120428085,0.032798197120428085,0.2192997932434082,0.0640731006860733,0.10265003889799118,0.012296309694647789,0.017483821138739586,0.0053848265670239925,0.2886064350605011,1190.286865234375,,,,,,,,,,,,,6.25
37,250.625,12.0,244.0,0.97314453125,0.6515151262283325,0.3484848439693451,0.022652389481663704,0.022652389481663704,0.23798052966594696,0.08252077549695969,0.1275302618741989,0.01125319954007864,0.01277276873588562,0.00553034245967865,0.3089582324028015,1188.0869140625,,,,,,,,,,,,,5.375
38,249.0,13.125,242.875,0.9736328125,0.5877909064292908,0.38892269134521484,0.039880186319351196,0.039880186319351196,0.271372526884079,0.08097179234027863,0.13344696164131165,0.00904514268040657,0.01759212650358677,0.005675858817994595,0.27865171432495117,1182.482666015625,,,,,,,,,,,,,7.0
39,250.25,12.375,243.625,0.97998046875,0.6472222208976746,0.35277777910232544,0.03273751959204674,0.03273751959204674,0.21313507854938507,0.06570480763912201,0.11650444567203522,0.012426411733031273,0.010280383750796318,0.005821375176310539,0.22430387139320374,1170.443115234375,,,,,,,,,,,,,5.75
40,250.625,13.5,242.5,0.9736328125,0.6637399196624756,0.3056478500366211,0.01485245581716299,0.01485245581716299,0.2475951761007309,0.07907628268003464,0.14087074995040894,0.010213783010840416,0.012895645573735237,0.005966891534626484,0.19877177476882935,1158.7757568359375,,,,,,,,,,,,,5.375
41,250.375,13.875,242.125,0.970703125,0.6276922821998596,0.3682336211204529,0.014230269007384777,0.014230269007384777,0.250043660402298,0.08338728547096252,0.13446491956710815,0.00908053107559681,0.009825915098190308,0.006112407892942429,0.2758675515651703,1153.2313232421875,,,,,,,,,,,,,5.625
42,251.125,14.375,241.625,0.9697265625,0.6472853422164917,0.3390420973300934,0.015836622565984726,0.015836622565984726,0.2382589727640152,0.08140195906162262,0.12626904249191284,0.004428801126778126,0.010482990182936192,0.006257923785597086,0.27542415261268616,1146.5484619140625,,,,,,,,,,,,,4.875
43,250.25,17.0,239.0,0.9775390625,0.7804041504859924,0.21466973423957825,0.03343956172466278,0.03343956172466278,0.22981543838977814,0.06441859900951385,0.15311050415039062,0.005935844965279102,0.011457666754722595,0.006403440143913031,0.27918803691864014,1142.142578125,,,,,,,,,,,,,5.75
44,250.75,15.125,240.875,0.97314453125,0.7150101661682129,0.2849898636341095,0.02255263924598694,0.02255263924598694,0.24525019526481628,0.08301092684268951,0.13899168372154236,0.00791382696479559,0.010255355387926102,0.006548956502228975,0.30463817715644836,1139.128173828125,,,,,,,,,,,,,5.25
45,251.625,11.75,244.25,0.98046875,0.6455026268959045,0.35449734330177307,0.03696475178003311,0.03696475178003311,0.20654630661010742,0.061116307973861694,0.1071135550737381,0.0202706977725029,0.007565400563180447,0.00669447286054492,0.27539554238319397,1133.5714111328125,,,,,,,,,,,,,4.375
46,249.625,13.75,242.25,0.974609375,0.6775209903717041,0.31377550959587097,0.0317668542265892,0.0317668542265892,0.24745091795921326,0.07714256644248962,0.12472054362297058,0.01011752150952816,0.016384419053792953,0.006839989218860865,0.2525884211063385,1125.509521484375,,,,,,,,,,,,,6.375
47,250.0,11.875,244.125,0.9814453125,0.6991010308265686,0.3008989989757538,0.03361457213759422,0.03361457213759422,0.19740380346775055,0.05806826055049896,0.10534029453992844,0.01766420155763626,0.012492847628891468,0.006985505577176809,0.259725421667099,1118.85400390625,,,,,,,,,,,,,6.0
48,250.625,12.75,243.25,0.97314453125,0.5563498735427856,0.41338974237442017,0.027200404554605484,0.027200404554605484,0.23305916786193848,0.079644575715065,0.1315661370754242,0.009467234835028648,0.012868287041783333,0.007131021469831467,0.26476332545280457,1112.713134765625,,,,,,,,,,,,,5.375
49,250.375,11.5,244.5,0.97900390625,0.6923387050628662,0.3076612949371338,0.02527768351137638,0.02527768351137638,0.20642484724521637,0.059117790311574936,0.10563864558935165,0.00891549326479435,0.010413622483611107,0.007276537828147411,0.3040896952152252,1108.8763427734375,,,,,,,,,,,,,5.625
50,250.875,10.25,245.75,0.98193359375,0.7206341028213501,0.2793658971786499,0.01955627091228962,0.01955627091228962,0.1843261420726776,0.04885699599981308,0.0864957720041275,0.022957932204008102,0.01296036597341299,0.0072572845965623856,0.2687003016471863,1102.2373046875,,,,,,,,,,,,,5.125
51,249.875,9.5,246.5,0.97900390625,0.6159663796424866,0.3840336203575134,0.03340497612953186,0.03340497612953186,0.21313974261283875,0.06439530849456787,0.09390075504779816,0.026187028735876083,0.015520325861871243,0.0072288960218429565,0.2988322973251343,1096.698486328125,,,,,,,,,,,,,6.125
52,250.25,12.0,244.0,0.9755859375,0.69936203956604,0.30063796043395996,0.04266542196273804,0.04266542196273804,0.2215459644794464,0.07739008963108063,0.10094378888607025,0.010921509005129337,0.014332052320241928,0.007200036663562059,0.2910906970500946,1094.67431640625,,,,,,,,,,,,,5.75
53,248.625,11.875,244.125,0.9775390625,0.6306818127632141,0.3693181872367859,0.04103899747133255,0.04103899747133255,0.20777273178100586,0.06506223976612091,0.10554038733243942,0.014641230925917625,0.016665589064359665,0.007170712109655142,0.24432511627674103,1089.11767578125,,,,,,,,,,,,,7.375
54,250.5,13.125,242.875,0.97705078125,0.6213471293449402,0.3786529004573822,0.027797188609838486,0.027797188609838486,0.25258737802505493,0.07355733960866928,0.11272739619016647,0.015449326485395432,0.011275386437773705,0.007140926085412502,0.26596155762672424,1080.081787109375,,,,,,,,,,,,,5.5
55,249.75,15.0,241.0,0.97705078125,0.6728940010070801,0.32710596919059753,0.04228511080145836,0.04228511080145836,0.2287646234035492,0.06608700007200241,0.11373067647218704,0.011623155325651169,0.013864876702427864,0.007110683247447014,0.24352675676345825,1070.7275390625,,,,,,,,,,,,,6.25
56,251.125,12.75,243.25,0.9794921875,0.7568181753158569,0.24318182468414307,0.042063865810632706,0.042063865810632706,0.19717910885810852,0.052002012729644775,0.11111117899417877,0.010265733115375042,0.009924210608005524,0.007079989183694124,0.30507710576057434,1065.2083740234375,,,,,,,,,,,,,4.875
57,250.0,12.375,243.625,0.97802734375,0.6480908393859863,0.3461703062057495,0.04135511443018913,0.04135511443018913,0.21821299195289612,0.060295358300209045,0.11457334458827972,0.011376963928341866,0.016090311110019684,0.007048848085105419,0.2907558083534241,1059.6890869140625,,,,,,,,,,,,,6.0
58,251.875,12.125,243.875,0.97705078125,0.717391312122345,0.28260868787765503,0.028987793251872063,0.028987793251872063,0.21555282175540924,0.06221097707748413,0.11761923134326935,0.015214121900498867,0.007684703916311264,0.007017265073955059,0.29251009225845337,1055.0546875,,,,,,,,,,,,,4.125
59,249.5,14.0,242.0,0.9775390625,0.748794436454773,0.2278480976819992,0.07040827721357346,0.07040827721357346,0.21811793744564056,0.06653331220149994,0.13169333338737488,0.007786460220813751,0.014122901484370232,0.006985244806855917,0.328024297952652,1051.4876708984375,,,,,,,,,,,,,6.5
60,252.0,13.75,242.25,0.97998046875,0.7332592606544495,0.26490357518196106,0.022398458793759346,0.022398458793759346,0.2043309211730957,0.053840845823287964,0.12019623816013336,0.007734804414212704,0.00965804886072874,0.006952792871743441,0.28481847047805786,1046.8485107421875,,,,,,,,,,,,,4.0
61,250.875,14.75,241.25,0.9794921875,0.8202019929885864,0.1797979772090912,0.028867250308394432,0.028867250308394432,0.21244284510612488,0.05840647220611572,0.12067195773124695,0.006382662337273359,0.008878720924258232,0.006919913925230503,0.23600251972675323,1041.3096923828125,,,,,,,,,,,,,5.125
62,251.0,12.875,243.125,0.97802734375,0.724056601524353,0.275943398475647,0.03551551699638367,0.03551551699638367,0.2235240638256073,0.0629153698682785,0.11949828267097473,0.01056128740310669,0.009670773521065712,0.006886613555252552,0.2942419946193695,1035.3671875,,,,,,,,,,,,,5.0
63,248.625,15.25,240.75,0.98046875,0.8203125,0.1796875,0.02366708591580391,0.02366708591580391,0.20335352420806885,0.052650950849056244,0.12156884372234344,0.00976018700748682,0.012444350868463516,0.0068528964184224606,0.28538092970848083,1028.4959716796875,,,,,,,,,,,,,7.375
64,251.25,14.125,241.875,0.9765625,0.7781030535697937,0.22052332758903503,0.026867931708693504,0.026867931708693504,0.19541007280349731,0.062442511320114136,0.11457807570695877,0.006782629527151585,0.00863967277109623,0.006818768568336964,0.3312917947769165,1024.293701171875,,,,,,,,,,,,,4.75
65,250.0,16.25,239.75,0.9755859375,0.7577160596847534,0.22471357882022858,0.022875357419252396,0.022875357419252396,0.23477724194526672,0.07015730440616608,0.13420073688030243,0.005174743942916393,0.012535365298390388,0.006784235127270222,0.27389878034591675,1018.5835571289062,,,,,,,,,,,,,6.0
66,248.75,13.75,242.25,0.9765625,0.7797619104385376,0.18614718317985535,0.08983588963747025,0.08983588963747025,0.23465564846992493,0.05697973817586899,0.11289522051811218,0.009601229801774025,0.01440007146447897,0.006749301683157682,0.3507852256298065,1018.7393798828125,,,,,,,,,,,,,7.25
67,250.625,14.125,241.875,0.9814453125,0.8017241358757019,0.18742017447948456,0.02304924465715885,0.02304924465715885,0.18883459270000458,0.049423497170209885,0.11108913272619247,0.0117522357031703,0.012846771627664566,0.006713973358273506,0.25660932064056396,1013.1724853515625,,,,,,,,,,,,,5.375
68,249.375,14.375,241.625,0.97998046875,0.7707070708274841,0.22929292917251587,0.02124922163784504,0.02124922163784504,0.21550782024860382,0.05794086307287216,0.12284369021654129,0.00683586485683918,0.013182302936911583,0.006678255740553141,0.23534633219242096,1007.6056518554688,,,,,,,,,,,,,6.625
69,250.5,13.25,242.75,0.97900390625,0.6909090876579285,0.30909091234207153,0.032649554312229156,0.032649554312229156,0.2098383754491806,0.06292536854743958,0.10936416685581207,0.011096633970737457,0.010371959768235683,0.006642154883593321,0.2318953573703766,999.0478515625,,,,,,,,,,,,,5.5
70,248.5,14.875,241.125,0.98388671875,0.8258525133132935,0.17414747178554535,0.028109222650527954,0.028109222650527954,0.2111061066389084,0.04807911813259125,0.10597139596939087,0.006916898302733898,0.019253503531217575,0.0066056763753294945,0.274867445230484,990.612060546875,,,,,,,,,,,,,7.5
71,250.5,12.375,243.625,0.97900390625,0.7208164930343628,0.2581579089164734,0.02978801727294922,0.02978801727294922,0.20118653774261475,0.055834464728832245,0.10419736057519913,0.010348113253712654,0.011560618877410889,0.006568825803697109,0.30838966369628906,985.517822265625,,,,,,,,,,,,,5.5
72,251.0,14.5,241.5,0.97607421875,0.7422958612442017,0.2577041685581207,0.025778384879231453,0.025778384879231453,0.23560690879821777,0.0654291883111,0.14576774835586548,0.005705786868929863,0.009654764086008072,0.006531608756631613,0.2928038239479065,980.3819580078125,,,,,,,,,,,,,5.0
73,250.625,14.25,241.75,0.97705078125,0.7743018865585327,0.21845175325870514,0.038705650717020035,0.038705650717020035,0.20692531764507294,0.06261301040649414,0.10618025064468384,0.007454006001353264,0.011072363704442978,0.0064940317533910275,0.3062921464443207,976.8468017578125,,,,,,,,,,,,,5.375
74,248.125,13.25,242.75,0.98095703125,0.7719298005104065,0.21280701458454132,0.021147657185792923,0.021147657185792923,0.18644052743911743,0.051260437816381454,0.11642879247665405,0.008626597002148628,0.015614224597811699,0.006456100381910801,0.2924228012561798,971.7886352539062,,,,,,,,,,,,,7.875
75,250.125,14.25,241.75,0.98046875,0.7905101180076599,0.2094898670911789,0.03405370935797691,0.03405370935797691,0.2026146948337555,0.051347970962524414,0.1127634197473526,0.01178339309990406,0.017730049788951874,0.006417820695787668,0.26168587803840637,967.21533203125,,,,,,,,,,,,,5.875
76,251.0,16.25,239.75,0.97802734375,0.781116783618927,0.21153026819229126,0.022753886878490448,0.022753886878490448,0.1965516060590744,0.05862016975879669,0.12511375546455383,0.006919788662344217,0.010032113641500473,0.006379198748618364,0.2672834098339081,963.1690673828125,,,,,,,,,,,,,5.0
77,250.375,13.75,242.25,0.9814453125,0.7405303120613098,0.22301135957241058,0.02818812057375908,0.02818812057375908,0.2097536325454712,0.04621826112270355,0.1026255264878273,0.011195984669029713,0.010568447411060333,0.006340240128338337,0.28753191232681274,960.3954467773438,,,,,,,,,,,,,5.625
78,249.375,13.375,242.625,0.9765625,0.7160605788230896,0.283939391374588,0.03227083012461662,0.03227083012461662,0.23820160329341888,0.07244302332401276,0.11252530664205551,0.011953871697187424,0.014009445905685425,0.006300951819866896,0.29334190487861633,957.299072265625,,,,,,,,,,,,,6.625
79,250.625,11.875,244.125,0.98388671875,0.7555555701255798,0.23333333432674408,0.0246602613478899,0.0246602613478899,0.1804235428571701,0.0499475821852684,0.08789728581905365,0.0123542919754982,0.011467868462204933,0.006261339411139488,0.265207976102829,949.2280883789062,,,,,,,,,,,,,5.375
80,251.125,15.25,240.75,0.97802734375,0.820105791091919,0.16893424093723297,0.028405021876096725,0.028405021876096725,0.19478094577789307,0.0558515340089798,0.12640899419784546,0.006661827210336924,0.008894670754671097,0.006221409421414137,0.2826199531555176,943.6444091796875,,,,,,,,,,,,,4.875
81,249.75,14.5,241.5,0.9833984375,0.8491477370262146,0.1508522778749466,0.027956191450357437,0.027956191450357437,0.2022697776556015,0.05315577983856201,0.11410512030124664,0.00741200614720583,0.01038622297346592,0.006181168369948864,0.3255152106285095,941.6112060546875,,,,,,,,,,,,,6.25
82,248.25,13.125,242.875,0.982421875,0.8288288116455078,0.171171173453331,0.021161848679184914,0.021161848679184914,0.1979888528585434,0.04622918367385864,0.12030711770057678,0.012797309085726738,0.014291413128376007,0.0061406223103404045,0.27105751633644104,940.8233032226562,,,,,,,,,,,,,7.75
83,250.0,14.125,241.875,0.98193359375,0.7544076442718506,0.24559232592582703,0.03384346887469292,0.03384346887469292,0.21513499319553375,0.053988076746463776,0.11762498319149017,0.008714818395674229,0.014177534729242325,0.0060997772961854935,0.2472410351037979,931.0416259765625,,,,,,,,,,,,,6.0
84,249.75,14.625,241.375,0.98046875,0.8343843817710876,0.16561561822891235,0.0349004790186882,0.0349004790186882,0.19172804057598114,0.050330858677625656,0.12077774852514267,0.004478421062231064,0.010006790980696678,0.006058640778064728,0.22942428290843964,924.7967529296875,,,,,,,,,,,,,6.25
85,251.5,14.0,242.0,0.9794921875,0.8134040236473083,0.18659594655036926,0.03478844091296196,0.03478844091296196,0.20252978801727295,0.05967109650373459,0.12202213704586029,0.005368410609662533,0.00779659254476428,0.006017218343913555,0.27776312828063965,918.6807250976562,,,,,,,,,,,,,4.5
86,249.25,13.25,242.75,0.97802734375,0.6705426573753357,0.325834184885025,0.022088151425123215,0.022088151425123215,0.18343868851661682,0.051110923290252686,0.11529068648815155,0.008668821305036545,0.011510281823575497,0.005975516978651285,0.2884112000465393,914.215576171875,,,,,,,,,,,,,6.75
87,249.5,14.375,241.625,0.98193359375,0.8112508654594421,0.18874916434288025,0.018144497647881508,0.018144497647881508,0.19870850443840027,0.04847530275583267,0.09908808767795563,0.007304552011191845,0.013122567906975746,0.005933542735874653,0.2865718901157379,909.3873901367188,,,,,,,,,,,,,6.5
88,250.0,14.875,241.125,0.9775390625,0.7673913240432739,0.23260869085788727,0.011702324263751507,0.011702324263751507,0.2223263382911682,0.06439180672168732,0.118487648665905,0.006098783574998379,0.010542918927967548,0.005891303066164255,0.27425745129585266,902.446533203125,,,,,,,,,,,,,6.0
89,250.75,14.375,241.625,0.97998046875,0.7958422303199768,0.18923240900039673,0.027080930769443512,0.027080930769443512,0.17137326300144196,0.05077853053808212,0.10893058031797409,0.0033255412708967924,0.00925228651612997,0.005848804023116827,0.2649763822555542,899.7769775390625,,,,,,,,,,,,,5.25
90,250.25,15.25,240.75,0.974609375,0.738095223903656,0.2529761791229248,0.034182652831077576,0.034182652831077576,0.2210511416196823,0.06822440028190613,0.11157113313674927,0.008020556531846523,0.013143954798579216,0.005806052591651678,0.2420678287744522,894.0108642578125,,,,,,,,,,,,,5.75
91,249.0,15.5,240.5,0.98095703125,0.8038461804389954,0.1933760643005371,0.033095698803663254,0.033095698803663254,0.20813675224781036,0.05524684488773346,0.12213583290576935,0.01041378453373909,0.010277878493070602,0.005763055291026831,0.22947323322296143,885.6307373046875,,,,,,,,,,,,,7.0
92,247.875,15.625,240.375,0.97998046875,0.855483889579773,0.14451612532138824,0.03935874626040459,0.03935874626040459,0.17536871135234833,0.04760035127401352,0.10578255355358124,0.004691198468208313,0.014325430616736412,0.005719819106161594,0.2980723977088928,882.9061279296875,,,,,,,,,,,,,8.125
93,250.25,13.625,242.375,0.9794921875,0.7747465968132019,0.22525343298912048,0.03356792405247688,0.03356792405247688,0.18805940449237823,0.053605347871780396,0.11444254219532013,0.007223023101687431,0.0105690723285079,0.005676351021975279,0.2966190576553345,878.8529052734375,,,,,,,,,,,,,5.75
94,248.625,15.375,240.625,0.9814453125,0.8103070259094238,0.17196327447891235,0.020944317802786827,0.020944317802786827,0.19810199737548828,0.05114469677209854,0.11656010150909424,0.006029384210705757,0.015662364661693573,0.005632657557725906,0.29786884784698486,874.19677734375,,,,,,,,,,,,,7.375
95,249.125,16.5,239.5,0.98095703125,0.8078420758247375,0.19215795397758484,0.029925020411610603,0.029925020411610603,0.2156926542520523,0.05431966856122017,0.12289820611476898,0.0059896656312048435,0.0135001540184021,0.0055887456983327866,0.2931322753429413,868.7872314453125,,,,,,,,,,,,,6.875
96,250.625,14.125,241.875,0.9833984375,0.8448616862297058,0.15513834357261658,0.019447047263383865,0.019447047263383865,0.18805311620235443,0.04542313143610954,0.0997789204120636,0.010363945737481117,0.008219660259783268,0.005544622428715229,0.3066639304161072,864.630126953125,,,,,,,,,,,,,5.375
97,249.625,14.375,241.625,0.97900390625,0.8135057687759399,0.18649424612522125,0.042725879698991776,0.042725879698991776,0.1767384111881256,0.05031707510352135,0.10452836006879807,0.008660351857542992,0.011715210974216461,0.005500294733792543,0.18874132633209229,858.8397827148438,,,,,,,,,,,,,6.375
98,250.875,16.5,239.5,0.9794921875,0.8098484873771667,0.19015151262283325,0.023888271301984787,0.023888271301984787,0.20140188932418823,0.05548553913831711,0.12543323636054993,0.004797452129423618,0.008306917734444141,0.005455770064145327,0.24367283284664154,852.7587280273438,,,,,,,,,,,,,5.125
99,250.25,15.875,240.125,0.9794921875,0.8529093861579895,0.14039409160614014,0.04168732464313507,0.04168732464313507,0.19419251382350922,0.04743563383817673,0.1177992895245552,0.006349380128085613,0.007893719710409641,0.005411054473370314,0.26994237303733826,845.9968872070312,,,,,,,,,,,,,5.75
100,250.5,14.375,241.625,0.97998046875,0.8121040463447571,0.18789592385292053,0.036488816142082214,0.036488816142082214,0.1821414977312088,0.049374036490917206,0.1226673573255539,0.008902512490749359,0.009375791996717453,0.005366155412048101,0.2928549349308014,840.9134521484375,,,,,,,,,,,,,5.5
101,249.25,14.125,241.875,0.98388671875,0.875,0.125,0.02541603520512581,0.02541603520512581,0.19625714421272278,0.04700919985771179,0.1144833117723465,0.008777755312621593,0.013298602774739265,0.005321080330759287,0.2993330657482147,835.269775390625,,,,,,,,,,,,,6.75
102,249.875,15.125,240.875,0.97900390625,0.7606087327003479,0.2393912822008133,0.02005140110850334,0.02005140110850334,0.20145903527736664,0.0545789934694767,0.12218759208917618,0.005809278227388859,0.009850413538515568,0.00527583621442318,0.2783154249191284,829.6260375976562,,,,,,,,,,,,,6.125
103,251.25,14.125,241.875,0.9794921875,0.7910447716712952,0.19707021117210388,0.019342483952641487,0.019342483952641487,0.21047896146774292,0.050866104662418365,0.11237255483865738,0.005207967013120651,0.008217742666602135,0.005230430047959089,0.31647756695747375,829.2340698242188,,,,,,,,,,,,,4.75
104,251.0,15.625,240.375,0.97998046875,0.8197228908538818,0.18027712404727936,0.024936379864811897,0.024936379864811897,0.19739367067813873,0.051199428737163544,0.11915117502212524,0.006099679972976446,0.009586583822965622,0.005184869281947613,0.2542409300804138,824.1967163085938,,,,,,,,,,,,,5.0
105,250.25,13.25,242.75,0.98095703125,0.7977272868156433,0.20227272808551788,0.015115263871848583,0.015115263871848583,0.19186657667160034,0.05114345997571945,0.11236858367919922,0.018023330718278885,0.010180888697504997,0.005139160435646772,0.20604336261749268,817.8746948242188,,,,,,,,,,,,,5.75
106,249.0,14.125,241.875,0.98046875,0.8107143044471741,0.18928571045398712,0.03138689696788788,0.03138689696788788,0.19421710073947906,0.04856497421860695,0.10518276691436768,0.00881786085665226,0.014431185089051723,0.005093311425298452,0.2594424784183502,809.8311157226562,,,,,,,,,,,,,7.0
107,251.375,12.625,243.375,0.984375,0.8341694474220276,0.14226342737674713,0.026887860149145126,0.026887860149145126,0.1535331904888153,0.041042156517505646,0.08384072780609131,0.011302521452307701,0.007496689911931753,0.005047329235821962,0.2926231622695923,804.1679077148438,,,,,,,,,,,,,4.625
108,249.0,14.375,241.625,0.98291015625,0.7768199443817139,0.2034188061952591,0.027917953208088875,0.027917953208088875,0.17950770258903503,0.049580685794353485,0.10136155784130096,0.011592816561460495,0.015896916389465332,0.005001220852136612,0.2796902656555176,796.8912353515625,,,,,,,,,,,,,7.0
109,250.5,14.5,241.5,0.982421875,0.819274365901947,0.18072561919689178,0.03354668244719505,0.03354668244719505,0.1670485883951187,0.044106580317020416,0.10375909507274628,0.004509779624640942,0.010762855410575867,0.004954994190484285,0.2548207938671112,789.3577270507812,,,,,,,,,,,,,5.5
110,251.375,14.375,241.625,0.97802734375,0.7698612809181213,0.20721526443958282,0.026187602430582047,0.026187602430582047,0.17753386497497559,0.051023855805397034,0.10491355508565903,0.003459291998296976,0.007924411445856094,0.004908656235784292,0.2456442266702652,781.9834594726562,,,,,,,,,,,,,4.625
111,250.0,13.375,242.625,0.98291015625,0.8425351977348328,0.15079812705516815,0.06065914034843445,0.06065914034843445,0.16844919323921204,0.04607049375772476,0.10037042200565338,0.003328589955344796,0.009551669470965862,0.004862213972955942,0.24550536274909973,777.44677734375,,,,,,,,,,,,,6.0
112,248.625,15.0,241.0,0.984375,0.8409090638160706,0.15909090638160706,0.048965826630592346,0.048965826630592346,0.1704891175031662,0.03728095442056656,0.09831871092319489,0.0032363515347242355,0.010488135740160942,0.004815675318241119,0.18709641695022583,770.5772705078125,,,,,,,,,,,,,7.375
113,248.125,13.25,242.75,0.9833984375,0.8333333134651184,0.1666666716337204,0.04293530061841011,0.04293530061841011,0.1805965006351471,0.044214263558387756,0.10341642051935196,0.009750843979418278,0.015870481729507446,0.0047690472565591335,0.21103224158287048,764.2470703125,,,,,,,,,,,,,7.875
114,248.25,12.75,243.25,0.986328125,0.8660714030265808,0.1339285671710968,0.04396999254822731,0.04396999254822731,0.1582012176513672,0.037698499858379364,0.09240434318780899,0.00810333527624607,0.016362281516194344,0.0047223372384905815,0.1908053606748581,752.1013793945312,,,,,,,,,,,,,7.75
115,251.125,14.75,241.25,0.9814453125,0.8004860877990723,0.18500949442386627,0.04180648550391197,0.04180648550391197,0.18289732933044434,0.04742274433374405,0.1003425121307373,0.007785219699144363,0.0073038190603256226,0.00467555271461606,0.2275284081697464,745.6263427734375,,,,,,,,,,,,,4.875
116,250.0,13.5,242.5,0.9833984375,0.845619261264801,0.15438073873519897,0.03963277488946915,0.03963277488946915,0.17345282435417175,0.041568443179130554,0.10932336747646332,0.011062304489314556,0.010577346198260784,0.004628700669854879,0.2082527130842209,737.6829223632812,,,,,,,,,,,,,6.0
117,250.75,14.375,241.625,0.9853515625,0.8426501154899597,0.15734989941120148,0.022315260022878647,0.022315260022878647,0.16951127350330353,0.0383802130818367,0.10597516596317291,0.004378241021186113,0.00915628019720316,0.004581789020448923,0.17522257566452026,729.7879638671875,,,,,,,,,,,,,5.25
118,248.375,14.25,241.75,0.98193359375,0.8778554797172546,0.12214452028274536,0.0390959158539772,0.0390959158539772,0.16757355630397797,0.043364375829696655,0.10556890070438385,0.005449925549328327,0.011512674391269684,0.004534824751317501,0.15064266324043274,722.0473022460938,,,,,,,,,,,,,7.625
119,249.875,13.625,242.375,0.984375,0.8730158805847168,0.1269841343164444,0.04745974764227867,0.04745974764227867,0.16893525421619415,0.04646512120962143,0.09801366925239563,0.005675905384123325,0.010096224024891853,0.0044878157787024975,0.14410655200481415,715.5303955078125,,,,,,,,,,,,,6.125
120,250.125,12.75,243.25,0.98193359375,0.7365079522132874,0.23154762387275696,0.0775085836648941,0.0775085836648941,0.17153635621070862,0.04946160316467285,0.10673046112060547,0.006095393095165491,0.009818259626626968,0.004440769553184509,0.17490309476852417,707.7014770507812,,,,,,,,,,,,,5.875
121,249.875,13.875,242.125,0.98681640625,0.8831900954246521,0.11680988222360611,0.13147518038749695,0.13147518038749695,0.15522019565105438,0.03573917970061302,0.09031781554222107,0.004745963029563427,0.010044725611805916,0.004393692594021559,0.24957861006259918,699.646484375,,,,,,,,,,,,,6.125
122,249.5,15.25,240.75,0.9814453125,0.832244336605072,0.1507837027311325,0.03550618141889572,0.03550618141889572,0.17037183046340942,0.04526191204786301,0.09571017324924469,0.004427066072821617,0.009857667610049248,0.0043465932831168175,0.11694962531328201,686.866943359375,,,,,,,,,,,,,6.5
123,250.25,13.875,242.125,0.9794921875,0.807692289352417,0.19230769574642181,0.057604286819696426,0.057604286819696426,0.18568043410778046,0.05624396353960037,0.09348072111606598,0.005884140729904175,0.01022674236446619,0.004299478605389595,0.1465744823217392,673.59326171875,,,,,,,,,,,,,5.75
124,250.5,16.125,239.875,0.98583984375,0.8570261597633362,0.142973855137825,0.04064939171075821,0.04064939171075821,0.15170656144618988,0.03913687914609909,0.10252197831869125,0.002676915843039751,0.007564804516732693,0.004252356011420488,0.13974304497241974,664.7640380859375,,,,,,,,,,,,,5.5
125,250.5,14.125,241.875,0.97998046875,0.8363636136054993,0.15614250302314758,0.02568654529750347,0.02568654529750347,0.17345021665096283,0.04548840969800949,0.09919486939907074,0.005345395766198635,0.008919645100831985,0.004205233417451382,0.11659770458936691,658.2612915039062,,,,,,,,,,,,,5.5
126,247.0,15.875,240.125,0.97998046875,0.8603895902633667,0.1396103948354721,0.030909741297364235,0.030909741297364235,0.19296565651893616,0.0485544316470623,0.1137140691280365,0.006932064890861511,0.016537949442863464,0.004158117808401585,0.12159014493227005,647.5308227539062,,,,,,,,,,,,,9.0
127,250.75,16.5,239.5,0.98486328125,0.8860191702842712,0.11398082226514816,0.029290635138750076,0.029290635138750076,0.16802479326725006,0.03809754550457001,0.10551633685827255,0.0049161771312355995,0.009768575429916382,0.004111016169190407,0.11363311856985092,639.53564453125,,,,,,,,,,,,,5.25
128,250.875,15.625,240.375,0.982421875,0.8203012943267822,0.1507352888584137,0.06487052887678146,0.06487052887678146,0.17433695495128632,0.049333639442920685,0.09977412223815918,0.004472567234188318,0.008868701756000519,0.00406393688172102,0.1637520045042038,627.762939453125,,,,,,,,,,,,,5.125
129,251.625,16.375,239.625,0.97802734375,0.8488999605178833,0.1511000394821167,0.029862089082598686,0.029862089082598686,0.2099529206752777,0.05218124017119408,0.12081125378608704,0.0035156956873834133,0.007419849745929241,0.004016886930912733,0.11705085635185242,620.7640380859375,,,,,,,,,,,,,4.375
130,250.5,16.625,239.375,0.9794921875,0.798906147480011,0.201093852519989,0.010434395633637905,0.010434395633637905,0.17989474534988403,0.05199628323316574,0.11168258637189865,0.004473324865102768,0.009704911150038242,0.003969874233007431,0.09663413465023041,611.0149536132812,,,,,,,,,,,,,5.5
131,250.375,15.375,240.625,0.98095703125,0.837822675704956,0.16217732429504395,0.012213341891765594,0.012213341891765594,0.1864510476589203,0.046366363763809204,0.10620833933353424,0.0040907347574830055,0.009318893775343895,0.003922905307263136,0.09869814664125443,603.4059448242188,,,,,,,,,,,,,5.625
132,249.0,15.25,240.75,0.98046875,0.8204365372657776,0.1795634925365448,0.015777191147208214,0.015777191147208214,0.1820163130760193,0.05320965126156807,0.11283425241708755,0.004990349989384413,0.012913623824715614,0.0038759878370910883,0.10994061827659607,596.14404296875,,,,,,,,,,,,,7.0
133,249.5,16.0,240.0,0.98095703125,0.8516016006469727,0.14760348200798035,0.03057078830897808,0.03057078830897808,0.17376098036766052,0.050202079117298126,0.10678693652153015,0.002781962975859642,0.009818406775593758,0.0038291297387331724,0.12047623097896576,588.9451293945312,,,,,,,,,,,,,6.5
134,251.0,14.625,241.375,0.9814453125,0.8347849249839783,0.16521507501602173,0.09890901297330856,0.09890901297330856,0.17750145494937897,0.04487580806016922,0.11707018315792084,0.0042736344039440155,0.008609788492321968,0.003782337997108698,0.18370315432548523,582.7383422851562,,,,,,,,,,,,,5.0
135,250.0,16.625,239.375,0.9833984375,0.868862509727478,0.13113747537136078,0.02320156991481781,0.02320156991481781,0.17401577532291412,0.045768093317747116,0.10424263030290604,0.004375649616122246,0.009430544450879097,0.0037356202956289053,0.11179252713918686,570.346435546875,,,,,,,,,,,,,6.0
136,249.75,12.75,243.25,0.98193359375,0.833619236946106,0.16638079285621643,0.08002783358097076,0.08002783358097076,0.18848399817943573,0.04843847081065178,0.09301012754440308,0.00989868026226759,0.012840447947382927,0.0036889836192131042,0.17597663402557373,557.9014282226562,,,,,,,,,,,,,6.25
137,250.625,14.625,241.375,0.9833984375,0.8520025014877319,0.14799749851226807,0.016930535435676575,0.016930535435676575,0.1562843918800354,0.04087734594941139,0.08955554664134979,0.006661888211965561,0.0092172184959054,0.0036424356512725353,0.10567416250705719,541.4369506835938,,,,,,,,,,,,,5.375
138,249.875,14.875,241.125,0.98486328125,0.8528046607971191,0.14719535410404205,0.04992648586630821,0.04992648586630821,0.15221163630485535,0.03991926461458206,0.0937601774930954,0.0035247947089374065,0.01258791796863079,0.003595983376726508,0.13413117825984955,527.2865600585938,,,,,,,,,,,,,6.125
139,247.75,15.875,240.125,0.98388671875,0.8019943237304688,0.19800569117069244,0.05549731105566025,0.05549731105566025,0.16408169269561768,0.041010551154613495,0.09961813688278198,0.004893827252089977,0.017375119030475616,0.003549634711816907,0.1413232684135437,510.7431640625,,,,,,,,,,,,,8.25
140,249.625,15.125,240.875,0.984375,0.872086226940155,0.12791375815868378,0.02582341991364956,0.02582341991364956,0.16819824278354645,0.04054377228021622,0.10248963534832001,0.0024362560361623764,0.011132601648569107,0.0035033964086323977,0.10701026767492294,501.37152099609375,,,,,,,,,,,,,6.375
141,250.625,15.0,241.0,0.98486328125,0.8565705418586731,0.1434294879436493,0.030838917940855026,0.030838917940855026,0.15926526486873627,0.038213614374399185,0.10166358202695847,0.0024928003549575806,0.009655982255935669,0.003457276150584221,0.1210961788892746,494.0810546875,,,,,,,,,,,,,5.375
142,249.0,16.25,239.75,0.98486328125,0.8873015642166138,0.11189358681440353,0.01140898372977972,0.01140898372977972,0.14717990159988403,0.038178928196430206,0.09706135839223862,0.0031843241304159164,0.008841781876981258,0.0034112809225916862,0.10126624256372452,478.3047790527344,,,,,,,,,,,,,7.0
143,250.0,15.625,240.375,0.978515625,0.8006114363670349,0.19938859343528748,0.02667129598557949,0.02667129598557949,0.1921360343694687,0.0546741709113121,0.09967385232448578,0.004224634729325771,0.009871955029666424,0.0033654181752353907,0.11975458264350891,455.06646728515625,,,,,,,,,,,,,6.0
144,250.25,15.875,240.125,0.98193359375,0.807539701461792,0.16504329442977905,0.012547958642244339,0.012547958642244339,0.18362082540988922,0.047792498022317886,0.11272913217544556,0.004888984374701977,0.008533821441233158,0.003319695359095931,0.09845716506242752,439.6162414550781,,,,,,,,,,,,,5.75
145,250.375,15.625,240.375,0.982421875,0.8496240377426147,0.15037593245506287,0.0445379912853241,0.0445379912853241,0.18177835643291473,0.049810074269771576,0.10843786597251892,0.004628722555935383,0.008108370006084442,0.0032741192262619734,0.13500548899173737,429.939453125,,,,,,,,,,,,,5.625
146,251.375,15.75,240.25,0.98046875,0.8793604373931885,0.12063953280448914,0.016130592674016953,0.016130592674016953,0.1796959489583969,0.05259484052658081,0.11440723389387131,0.004507105797529221,0.006028182804584503,0.0032286972273141146,0.09759127348661423,414.21893310546875,,,,,,,,,,,,,4.625
147,249.625,13.75,242.25,0.984375,0.8100000023841858,0.1899999976158142,0.026045430451631546,0.026045430451631546,0.1570781171321869,0.043388377875089645,0.09823690354824066,0.004450308624655008,0.008667875081300735,0.0031834363471716642,0.11185993999242783,408.72772216796875,,,,,,,,,,,,,6.375
148,249.25,17.875,238.125,0.984375,0.8912986516952515,0.10870133340358734,0.010296061635017395,0.010296061635017395,0.18237358331680298,0.04194389283657074,0.11042627692222595,0.0035231243818998337,0.009873024187982082,0.0031383440364152193,0.09732145816087723,397.2679748535156,,,,,,,,,,,,,6.75
149,250.0,15.625,240.375,0.9853515625,0.8998887538909912,0.1001112312078476,0.04581424593925476,0.04581424593925476,0.1474858820438385,0.040030695497989655,0.09559933841228485,0.0030674070585519075,0.009726649150252342,0.0030934272799640894,0.1363285630941391,384.0874328613281,,,,,,,,,,,,,6.0
150,250.875,17.125,238.875,0.98193359375,0.8485416769981384,0.1404065042734146,0.020812999457120895,0.020812999457120895,0.17523330450057983,0.04332669824361801,0.11248603463172913,0.0037161533255130053,0.007655836641788483,0.0030486932955682278,0.10248250514268875,365.738525390625,,,,,,,,,,,,,5.125
151,247.375,16.375,239.625,0.98291015625,0.8231210708618164,0.1768789291381836,0.01010636705905199,0.01010636705905199,0.18105196952819824,0.047100942581892014,0.11057010293006897,0.004978137090802193,0.013713883236050606,0.0030041488353163004,0.09345407038927078,346.43426513671875,,,,,,,,,,,,,8.625
152,251.5,16.5,239.5,0.9833984375,0.9083834886550903,0.09161651879549026,0.06197601556777954,0.06197601556777954,0.17227013409137726,0.04029885679483414,0.11513431370258331,0.0036712675355374813,0.006054077763110399,0.0029598011169582605,0.14714652299880981,327.6971435546875,,,,,,,,,,,,,4.5
153,249.75,15.25,240.75,0.9833984375,0.8354477882385254,0.1429012417793274,0.011073924601078033,0.011073924601078033,0.1769576370716095,0.0377095490694046,0.10651499032974243,0.006622880697250366,0.008491099812090397,0.002915657125413418,0.09617973119020462,312.9427795410156,,,,,,,,,,,,,6.25
154,248.375,13.25,242.75,0.9833984375,0.8461538553237915,0.1538461595773697,0.03141523897647858,0.03141523897647858,0.16424638032913208,0.04556865245103836,0.09884340316057205,0.007354076020419598,0.014058370143175125,0.002871723845601082,0.11629509180784225,298.5074157714844,,,,,,,,,,,,,7.625
155,249.25,14.75,241.25,0.97998046875,0.8179104328155518,0.18208955228328705,0.015317583456635475,0.015317583456635475,0.19222965836524963,0.05458420142531395,0.10984927415847778,0.004979729652404785,0.0096848513931036,0.0028280082624405622,0.10039722174406052,289.225341796875,,,,,,,,,,,,,6.75
156,251.125,15.875,240.125,0.982421875,0.8614705801010132,0.13852940499782562,0.11067228019237518,0.11067228019237518,0.1636532098054886,0.04378329589962959,0.11694976687431335,0.005004560574889183,0.005212994292378426,0.0027845173608511686,0.20597794651985168,273.3201904296875,,,,,,,,,,,,,4.875
157,250.5,17.375,238.625,0.9833984375,0.9056722521781921,0.09432773292064667,0.032428011298179626,0.032428011298179626,0.1660456508398056,0.04179251194000244,0.11550179123878479,0.002932616975158453,0.00745861791074276,0.0027412576600909233,0.1187799796462059,263.44287109375,,,,,,,,,,,,,5.5
158,250.625,15.125,240.875,0.982421875,0.8610293865203857,0.13897058367729187,0.034786660224199295,0.034786660224199295,0.17753981053829193,0.04020313173532486,0.11035364866256714,0.002532190177589655,0.011578986421227455,0.0026982363779097795,0.12015128880739212,249.4983367919922,,,,,,,,,,,,,5.375
159,248.375,16.75,239.25,0.98095703125,0.8434959053993225,0.13983739912509918,0.046305522322654724,0.046305522322654724,0.17032702267169952,0.04719936102628708,0.10569508373737335,0.00617828406393528,0.015938717871904373,0.0026554600335657597,0.14033134281635284,243.95925903320312,,,,,,,,,,,,,7.625
160,249.875,14.0,242.0,0.98681640625,0.8468992114067078,0.15310077369213104,0.018295353278517723,0.018295353278517723,0.1475057303905487,0.039154794067144394,0.08972913771867752,0.008817688561975956,0.010059025138616562,0.0026129353791475296,0.10180182754993439,232.54238891601562,,,,,,,,,,,,,6.125
161,248.0,15.125,240.875,0.986328125,0.8779904246330261,0.12121212482452393,0.029970334842801094,0.029970334842801094,0.1685471534729004,0.03328561782836914,0.09585399925708771,0.007631754968315363,0.012855999171733856,0.002570669399574399,0.11570527404546738,224.57958984375,,,,,,,,,,,,,8.0
162,249.875,15.625,240.375,0.9853515625,0.9103928208351135,0.08960720151662827,0.021102458238601685,0.021102458238601685,0.1633015125989914,0.03459065034985542,0.09475970268249512,0.0058928304351866245,0.009728814475238323,0.0025286683812737465,0.11159628629684448,218.02197265625,,,,,,,,,,,,,6.125
163,251.0,15.125,240.875,0.9853515625,0.8772833943367004,0.12271662801504135,0.03301247954368591,0.03301247954368591,0.15376126766204834,0.03985552862286568,0.10011184960603714,0.007120789028704166,0.006891543976962566,0.0024869395419955254,0.11728221923112869,211.449951171875,,,,,,,,,,,,,5.0
164,251.5,15.625,240.375,0.98193359375,0.8382353186607361,0.1617647111415863,0.025122998282313347,0.025122998282313347,0.16314250230789185,0.042712800204753876,0.10020328313112259,0.004698183387517929,0.006942483596503735,0.0024454889353364706,0.10572588443756104,204.16453552246094,,,,,,,,,,,,,4.5
165,248.875,16.25,239.75,0.9833984375,0.8545837998390198,0.1454162299633026,0.043136537075042725,0.043136537075042725,0.17632675170898438,0.04095737636089325,0.09893850982189178,0.0033332700841128826,0.008396647870540619,0.0024043230805546045,0.1286313384771347,199.56134033203125,,,,,,,,,,,,,7.125
166,250.125,15.875,240.125,0.9814453125,0.8193650841712952,0.16656987369060516,0.03304543346166611,0.03304543346166611,0.17797407507896423,0.04612506553530693,0.1051424890756607,0.0033746683038771152,0.00800623744726181,0.0023634489625692368,0.12778228521347046,195.0599365234375,,,,,,,,,,,,,5.875
167,251.125,17.0,239.0,0.98193359375,0.8666197061538696,0.13338027894496918,0.06634346395730972,0.06634346395730972,0.18165351450443268,0.04426173120737076,0.11435163021087646,0.003922714851796627,0.006393813528120518,0.0023228726349771023,0.15743707120418549,190.87843322753906,,,,,,,,,,,,,4.875
168,250.125,17.875,238.125,0.9814453125,0.9110217094421387,0.08897831290960312,0.08651982992887497,0.08651982992887497,0.16083721816539764,0.04387456923723221,0.09918458759784698,0.0031617353670299053,0.008169739507138729,0.0022826006170362234,0.1754395067691803,188.14718627929688,,,,,,,,,,,,,5.875
169,251.375,17.25,238.75,0.98193359375,0.8338238596916199,0.16617615520954132,0.02350706420838833,0.02350706420838833,0.17445100843906403,0.04554594308137894,0.10759930312633514,0.0028320522978901863,0.006009936332702637,0.0022426394280046225,0.10301938652992249,184.64535522460938,,,,,,,,,,,,,4.625
170,250.375,16.375,239.625,0.984375,0.8885281682014465,0.11147186160087585,0.03134423866868019,0.03134423866868019,0.1754414290189743,0.037377551198005676,0.105613574385643,0.004727207124233246,0.009408816695213318,0.0022029948886483908,0.1139436885714531,181.7750244140625,,,,,,,,,,,,,5.625
171,251.0,15.25,240.75,0.98388671875,0.871802031993866,0.12819795310497284,0.05525019392371178,0.05525019392371178,0.17836782336235046,0.04233454167842865,0.10652755200862885,0.005851408466696739,0.007097519002854824,0.002163673983886838,0.1369689553976059,178.787353515625,,,,,,,,,,,,,5.0
172,250.75,16.875,239.125,0.98583984375,0.9262162446975708,0.07378378510475159,0.0542837493121624,0.0542837493121624,0.15329128503799438,0.03456610441207886,0.10527461022138596,0.004727864172309637,0.00788826309144497,0.0021246823016554117,0.1306980699300766,176.7527313232422,,,,,,,,,,,,,5.25
173,249.25,16.875,239.125,0.984375,0.8861111402511597,0.11388888955116272,0.027890892699360847,0.027890892699360847,0.1737511157989502,0.039036087691783905,0.1105813980102539,0.003260022960603237,0.010539960116147995,0.0020860261283814907,0.1144971251487732,173.97828674316406,,,,,,,,,,,,,6.75
174,250.375,16.5,239.5,0.98583984375,0.9166666865348816,0.0833333358168602,0.06872913986444473,0.06872913986444473,0.14246214926242828,0.036059312522411346,0.1004243940114975,0.004010079428553581,0.005868418142199516,0.0020477119833230972,0.1557275652885437,171.42922973632812,,,,,,,,,,,,,5.625
175,248.375,15.375,240.625,0.9853515625,0.9150444865226746,0.08495553582906723,0.014825502410531044,0.014825502410531044,0.1501874327659607,0.03820757567882538,0.09474903345108032,0.00468548946082592,0.008677664212882519,0.002009745454415679,0.10218460857868195,168.4739990234375,,,,,,,,,,,,,7.625
176,250.5,17.0,239.0,0.98486328125,0.89682537317276,0.1031746044754982,0.02902817167341709,0.02902817167341709,0.16860926151275635,0.03694974631071091,0.10215789079666138,0.0026179812848567963,0.010110842064023018,0.001972132595255971,0.11008317023515701,165.50425720214844,,,,,,,,,,,,,5.5
177,250.0,16.875,239.125,0.986328125,0.8988716006278992,0.10112837702035904,0.011358123272657394,0.011358123272657394,0.1701769083738327,0.03651391714811325,0.10938232392072678,0.0032726642675697803,0.009489428251981735,0.00193487957585603,0.09841500222682953,162.3846435546875,,,,,,,,,,,,,6.0
178,248.75,16.25,239.75,0.98388671875,0.8813202381134033,0.11867977678775787,0.02425036020576954,0.02425036020576954,0.16679006814956665,0.039793483912944794,0.08746674656867981,0.004204155877232552,0.010419673286378384,0.0018979921005666256,0.10693816095590591,159.5159912109375,,,,,,,,,,,,,7.25
179,249.625,15.75,240.25,0.98583984375,0.8774999976158142,0.12250000238418579,0.054087940603494644,0.054087940603494644,0.1534692645072937,0.0370829775929451,0.09847146272659302,0.005229285918176174,0.00791188608855009,0.0018614759901538491,0.13918210566043854,157.6337890625,,,,,,,,,,,,,6.375
180,248.75,16.0,240.0,0.98583984375,0.9089527726173401,0.09104721993207932,0.01732618361711502,0.01732618361711502,0.14067864418029785,0.03404891863465309,0.09369654953479767,0.002961547579616308,0.00936168059706688,0.001825337065383792,0.10387913137674332,155.3818817138672,,,,,,,,,,,,,7.25
181,250.0,16.375,239.625,0.9853515625,0.9073345065116882,0.09266547113656998,0.022847754880785942,0.022847754880785942,0.1624281108379364,0.03908825293183327,0.10462568700313568,0.00475481478497386,0.007005118764936924,0.0017895810306072235,0.11611207574605942,153.36328125,,,,,,,,,,,,,6.0
182,250.125,17.625,238.375,0.98486328125,0.8933143615722656,0.10668563097715378,0.035263728350400925,0.035263728350400925,0.15092872083187103,0.03569984808564186,0.09728075563907623,0.00362609070725739,0.007928532548248768,0.0017542135901749134,0.1238444373011589,151.5125732421875,,,,,,,,,,,,,5.875
183,249.625,17.0,239.0,0.98486328125,0.8765243887901306,0.12347561120986938,0.04194262996315956,0.04194262996315956,0.1463422030210495,0.03510833531618118,0.09754510968923569,0.004300035536289215,0.010282423347234726,0.0017192402156069875,0.13084088265895844,149.8603515625,,,,,,,,,,,,,6.375
184,250.0,17.375,238.625,0.9853515625,0.9126720428466797,0.08732795715332031,0.02895314060151577,0.02895314060151577,0.1727474182844162,0.04247375205159187,0.10401029884815216,0.004750566091388464,0.0110845435410738,0.0016846664948388934,0.11057046055793762,146.5972442626953,,,,,,,,,,,,,6.0
185,251.875,18.125,237.875,0.98681640625,0.9147126078605652,0.08528740704059601,0.034153375774621964,0.034153375774621964,0.145863339304924,0.03353395685553551,0.09501145035028458,0.003116049338132143,0.005678124725818634,0.0016504977829754353,0.1264149695634842,144.72842407226562,,,,,,,,,,,,,4.125
186,250.5,15.75,240.25,0.984375,0.8982758522033691,0.10172414034605026,0.015584642067551613,0.015584642067551613,0.14117266237735748,0.03696398064494133,0.09475204348564148,0.0036096384283155203,0.007272876799106598,0.0016167396679520607,0.10104702413082123,141.8782501220703,,,,,,,,,,,,,5.5
187,249.75,15.875,240.125,0.984375,0.8368315696716309,0.16316841542720795,0.044712476432323456,0.044712476432323456,0.16377799212932587,0.0403713583946228,0.09886888414621353,0.004338175989687443,0.010037370026111603,0.0015833972720429301,0.12372951209545135,141.36141967773438,,,,,,,,,,,,,6.25
188,249.0,17.125,238.875,0.9853515625,0.8973273038864136,0.0891861766576767,0.022912561893463135,0.022912561893463135,0.1642286330461502,0.036335285753011703,0.10137753933668137,0.004562739282846451,0.009385188110172749,0.0015504760667681694,0.11116254329681396,138.87721252441406,,,,,,,,,,,,,7.0
189,249.0,17.25,238.75,0.986328125,0.8968065977096558,0.10319337993860245,0.044622547924518585,0.044622547924518585,0.15200531482696533,0.036606285721063614,0.10403452813625336,0.0026859238278120756,0.009703624993562698,0.001517981057986617,0.12313701957464218,136.80137634277344,,,,,,,,,,,,,7.0
190,248.625,15.5,240.5,0.98388671875,0.877136766910553,0.12286324799060822,0.01290840283036232,0.01290840283036232,0.16108717024326324,0.04111205041408539,0.10168987512588501,0.003833337686955929,0.008876226842403412,0.0014859176008030772,0.09799774736166,133.966064453125,,,,,,,,,,,,,7.375
191,249.625,16.25,239.75,0.9892578125,0.9198718070983887,0.08012820780277252,0.028302673250436783,0.028302673250436783,0.13395269215106964,0.026888493448495865,0.091360904276371,0.0024153278209269047,0.009295890107750893,0.0014542904682457447,0.11321904510259628,130.61807250976562,,,,,,,,,,,,,6.375
192,250.875,16.5,239.5,0.9833984375,0.8880774974822998,0.1119225025177002,0.01902138628065586,0.01902138628065586,0.14494642615318298,0.03726572170853615,0.09906163066625595,0.003510767128318548,0.008768404833972454,0.0014231048990041018,0.10023844987154007,128.36602783203125,,,,,,,,,,,,,5.125
193,250.0,17.125,238.875,0.9833984375,0.8802371621131897,0.1197628453373909,0.030625609681010246,0.030625609681010246,0.15289489924907684,0.043568991124629974,0.09897008538246155,0.0024824771098792553,0.007795697543770075,0.001392365782521665,0.10881882905960083,125.67515563964844,,,,,,,,,,,,,6.0
194,249.625,16.625,239.375,0.98486328125,0.8919230699539185,0.10807692259550095,0.020818669348955154,0.020818669348955154,0.16394071280956268,0.03821476921439171,0.10303421318531036,0.0036471865605562925,0.007623796351253986,0.0013620777754113078,0.10627801716327667,123.43096160888672,,,,,,,,,,,,,6.375
195,250.0,15.375,240.625,0.9873046875,0.8671568632125854,0.13284313678741455,0.05613049864768982,0.05613049864768982,0.13749420642852783,0.03596598282456398,0.0874948501586914,0.004731844179332256,0.009150662459433079,0.0013322458835318685,0.1463005244731903,121.78848266601562,,,,,,,,,,,,,6.0
196,251.625,17.125,238.875,0.98291015625,0.8814838528633118,0.11851615458726883,0.04533640667796135,0.04533640667796135,0.19643351435661316,0.043277159333229065,0.11252188682556152,0.0037098112516105175,0.0059532360173761845,0.0013028747634962201,0.13805466890335083,120.1606216430664,,,,,,,,,,,,,4.375
197,250.0,17.125,238.875,0.9873046875,0.9241012930870056,0.07589869201183319,0.01452096551656723,0.01452096551656723,0.14127732813358307,0.03670261800289154,0.08991789072751999,0.0020490069873631,0.006545073818415403,0.001273968955501914,0.09835466742515564,117.27780151367188,,,,,,,,,,,,,6.0
198,249.5,17.5,238.5,0.98291015625,0.876893937587738,0.09938271343708038,0.01350391935557127,0.01350391935557127,0.16149774193763733,0.04243749752640724,0.09625334292650223,0.0032654213719069958,0.007787317968904972,0.001245533232577145,0.10267908126115799,115.7898178100586,,,,,,,,,,,,,6.5
199,249.5,15.125,240.875,0.98046875,0.8421945571899414,0.1578054279088974,0.048428140580654144,0.048428140580654144,0.18415343761444092,0.04949668049812317,0.111440509557724,0.005560352001339197,0.00957778561860323,0.001217571785673499,0.14104063808918,114.00114440917969,,,,,,,,,,,,,6.5
200,250.375,16.75,239.25,0.98388671875,0.9169062972068787,0.08309373259544373,0.05301135778427124,0.05301135778427124,0.16889595985412598,0.041217152029275894,0.10945906490087509,0.003386100986972451,0.00824048276990652,0.0011900892714038491,0.15641342103481293,112.36400604248047,,,,,,,,,,,,,5.625
201,249.875,16.0,240.0,0.97998046875,0.8373016119003296,0.1626984179019928,0.061401013284921646,0.061401013284921646,0.1679532527923584,0.04756539314985275,0.1017463356256485,0.004751273430883884,0.009011766873300076,0.0011630899971351027,0.14713290333747864,110.27652740478516,,,,,,,,,,,,,6.125
202,251.5,18.0,238.0,0.98095703125,0.8532986044883728,0.1467013955116272,0.042647987604141235,0.042647987604141235,0.161935955286026,0.04565461724996567,0.10574440658092499,0.0024136407300829887,0.0065513611771166325,0.0011365781538188457,0.1330614686012268,107.9791030883789,,,,,,,,,,,,,4.5
203,251.5,17.75,238.25,0.982421875,0.8842941522598267,0.11570586264133453,0.05602749064564705,0.05602749064564705,0.1606287658214569,0.04056382179260254,0.09942539781332016,0.0030780103988945484,0.0060107894241809845,0.001110557932406664,0.14520494639873505,105.91492462158203,,,,,,,,,,,,,4.5
204,249.125,15.625,240.375,0.984375,0.9076271057128906,0.09237287938594818,0.02301294170320034,0.02301294170320034,0.15744592249393463,0.04187636077404022,0.097338005900383,0.002948818728327751,0.00936095044016838,0.0010850334074348211,0.10074800252914429,103.56158447265625,,,,,,,,,,,,,6.875
205,251.5,17.125,238.875,0.98046875,0.872426450252533,0.12036199122667313,0.04719061776995659,0.04719061776995659,0.17577007412910461,0.04577901214361191,0.10600945353507996,0.0031780435238033533,0.005578076932579279,0.0010600087698549032,0.1318248063325882,101.44058227539062,,,,,,,,,,,,,4.5
206,250.25,15.5,240.5,0.98486328125,0.8991894721984863,0.10081053525209427,0.05122791975736618,0.05122791975736618,0.13773278892040253,0.03571481630206108,0.08228851854801178,0.004518705420196056,0.008395873941481113,0.0010354877449572086,0.13561375439167023,98.95884704589844,,,,,,,,,,,,,5.75
207,251.0,16.75,239.25,0.98291015625,0.8754789233207703,0.12452106922864914,0.016788417473435402,0.016788417473435402,0.17218947410583496,0.04292958602309227,0.08933043479919434,0.0038658964913338423,0.005349206738173962,0.0010114744072780013,0.10467610508203506,96.4919662475586,,,,,,,,,,,,,5.0
208,248.625,17.25,238.75,0.982421875,0.9013458490371704,0.09865417331457138,0.03751695528626442,0.03751695528626442,0.147680401802063,0.04023391380906105,0.09361200034618378,0.0027601178735494614,0.009438217617571354,0.0009879724821075797,0.12637169659137726,94.33893585205078,,,,,,,,,,,,,7.375
209,251.0,18.0,238.0,0.98095703125,0.8642396926879883,0.13576030731201172,0.054192714393138885,0.054192714393138885,0.1486288458108902,0.04177575930953026,0.092007577419281,0.0021356302313506603,0.006905868649482727,0.0009649856947362423,0.1423526406288147,91.74639892578125,,,,,,,,,,,,,5.0
210,250.375,16.875,239.125,0.984375,0.917015016078949,0.07758103311061859,0.01780043914914131,0.01780043914914131,0.1437779664993286,0.03820017725229263,0.08762442320585251,0.0036587289068847895,0.006736766546964645,0.0009425175958313048,0.10182853043079376,89.45274353027344,,,,,,,,,,,,,5.625
211,249.5,17.375,238.625,0.9814453125,0.8491858243942261,0.15081416070461273,0.015432439744472504,0.015432439744472504,0.18150882422924042,0.04686614125967026,0.10505491495132446,0.002799498848617077,0.009079226292669773,0.0009205718524754047,0.09980984777212143,86.27476501464844,,,,,,,,,,,,,6.5
212,250.75,17.75,238.25,0.98388671875,0.9131036400794983,0.0868963748216629,0.0464741587638855,0.0464741587638855,0.1546093225479126,0.036564864218235016,0.10055460780858994,0.002021007938310504,0.007377992384135723,0.0008991517825052142,0.1295773833990097,84.6557846069336,,,,,,,,,,,,,5.25
213,250.0,16.0,240.0,0.9814453125,0.909375011920929,0.09062500298023224,0.02047700434923172,0.02047700434923172,0.1707029789686203,0.0390816330909729,0.10238689184188843,0.003676267107948661,0.006577632389962673,0.000878260878380388,0.10342653095722198,81.73399353027344,,,,,,,,,,,,,6.0
214,251.25,16.625,239.375,0.982421875,0.8777984976768494,0.12220149487257004,0.051979195326566696,0.051979195326566696,0.153799906373024,0.04090774804353714,0.10262076556682587,0.0031972399447113276,0.006126066204160452,0.0008579024579375982,0.13754872977733612,80.2780990600586,,,,,,,,,,,,,4.75
215,246.375,17.5,238.5,0.98486328125,0.9415279626846313,0.05847204476594925,0.07057970762252808,0.07057970762252808,0.1452161818742752,0.038792114704847336,0.09065080434083939,0.002089060377329588,0.00929320976138115,0.0008380796061828732,0.15759453177452087,77.46428680419922,,,,,,,,,,,,,9.625
216,248.75,15.375,240.625,0.982421875,0.8605104088783264,0.13101500272750854,0.016920963302254677,0.016920963302254677,0.15479324758052826,0.04245705157518387,0.09101007878780365,0.003461186308413744,0.008651945739984512,0.0008187955827452242,0.10132351517677307,74.84746551513672,,,,,,,,,,,,,7.25
217,250.0,17.625,238.375,0.98583984375,0.8987179398536682,0.10128205269575119,0.06139270216226578,0.06139270216226578,0.15898160636425018,0.034490831196308136,0.10720344632863998,0.0042207567021250725,0.008044855669140816,0.0008000534144230187,0.1328817456960678,72.83448791503906,,,,,,,,,,,,,6.0
218,250.5,17.625,238.375,0.982421875,0.8950200080871582,0.1049799770116806,0.011263221502304077,0.011263221502304077,0.1756809949874878,0.0442952886223793,0.10982103645801544,0.004543785471469164,0.007230623159557581,0.0007818560115993023,0.08879347890615463,69.5499038696289,,,,,,,,,,,,,5.5
219,250.25,16.875,239.125,0.98486328125,0.9097693562507629,0.09023066610097885,0.019620217382907867,0.019620217382907867,0.1522635668516159,0.03842373937368393,0.10427865386009216,0.002197871683165431,0.00570755684748292,0.0007642062264494598,0.10453294962644577,67.30635833740234,,,,,,,,,,,,,5.75
220,250.625,17.25,238.75,0.98486328125,0.8586660623550415,0.1413339376449585,0.03728223219513893,0.03728223219513893,0.15873801708221436,0.03618858754634857,0.10530982166528702,0.003208100562915206,0.007861451245844364,0.000747106911148876,0.1281064748764038,65.15390014648438,,,,,,,,,,,,,5.375
221,251.75,16.5,239.5,0.98486328125,0.8987013101577759,0.10129870474338531,0.01961454190313816,0.01961454190313816,0.13592875003814697,0.03615736961364746,0.09520236402750015,0.0015721704112365842,0.00499606691300869,0.0007305608014576137,0.10597271472215652,62.614749908447266,,,,,,,,,,,,,4.25
222,249.625,16.125,239.875,0.98486328125,0.8832250833511353,0.11677489429712296,0.017768211662769318,0.017768211662769318,0.142934188246727,0.03480791673064232,0.0898161306977272,0.0023995612282305956,0.006324694026261568,0.0007145704003050923,0.10056482255458832,60.314090728759766,,,,,,,,,,,,,6.375
223,250.25,17.375,238.625,0.984375,0.8690060377120972,0.12180080264806747,0.024091411381959915,0.024091411381959915,0.14354601502418518,0.03490948677062988,0.09521310031414032,0.0032942357938736677,0.006546079181134701,0.000699138268828392,0.11458882689476013,58.04310607910156,,,,,,,,,,,,,5.75
224,249.25,19.0,237.0,0.982421875,0.8901515007019043,0.10984848439693451,0.024803146719932556,0.024803146719932556,0.1705198884010315,0.04601119086146355,0.10266425460577011,0.0032363077625632286,0.009371669963002205,0.0006842668517492712,0.11596836894750595,55.73428726196289,,,,,,,,,,,,,6.75
225,249.125,17.75,238.25,0.98681640625,0.9064004421234131,0.0845336839556694,0.020865794271230698,0.020865794271230698,0.13538216054439545,0.0332757793366909,0.09485267102718353,0.004245837684720755,0.007441163994371891,0.0006699585355818272,0.10624436289072037,53.578250885009766,,,,,,,,,,,,,6.875
226,250.625,17.75,238.25,0.98486328125,0.9219565391540527,0.07804347574710846,0.044704683125019073,0.044704683125019073,0.14671048521995544,0.03598904609680176,0.09221144765615463,0.002329280599951744,0.006138702388852835,0.0006562155904248357,0.1329587996006012,51.37866973876953,,,,,,,,,,,,,5.375
227,248.0,18.375,237.625,0.98193359375,0.8643791079521179,0.11209483444690704,0.012455742806196213,0.012455742806196213,0.18020601570606232,0.04486972093582153,0.11099788546562195,0.0030737407505512238,0.009590625762939453,0.0006430400535464287,0.09836624562740326,49.144813537597656,,,,,,,,,,,,,8.0
228,250.375,18.25,237.75,0.98681640625,0.8842034935951233,0.1157965213060379,0.02692296728491783,0.02692296728491783,0.14196419715881348,0.030227644369006157,0.08654069900512695,0.0020616580732166767,0.006878901273012161,0.0006304341368377209,0.1104452908039093,46.91096115112305,,,,,,,,,,,,,5.625
229,251.375,18.25,237.75,0.986328125,0.8957831263542175,0.10421686619520187,0.05917501449584961,0.05917501449584961,0.13493309915065765,0.03254729509353638,0.09409239888191223,0.0024710693396627903,0.005035447888076305,0.0006183998193591833,0.14665965735912323,44.67710494995117,,,,,,,,,,,,,4.625
230,249.5,17.75,238.25,0.9853515625,0.9103679060935974,0.08963210880756378,0.02085602656006813,0.02085602656006813,0.14998646080493927,0.03777368366718292,0.10079578310251236,0.0028196098282933235,0.008832134306430817,0.0006069389637559652,0.11147204786539078,42.476173400878906,,,,,,,,,,,,,6.5
231,251.5,17.875,238.125,0.984375,0.8940590023994446,0.10594100505113602,0.02364567667245865,0.02364567667245865,0.15422487258911133,0.03714080899953842,0.10152491927146912,0.0022702645510435104,0.006274526007473469,0.000596053374465555,0.11141464859247208,40.24058532714844,,,,,,,,,,,,,4.5
232,250.125,18.375,237.625,0.98583984375,0.9323938488960266,0.06760617345571518,0.12621818482875824,0.12621818482875824,0.14191095530986786,0.03436066955327988,0.09265545755624771,0.003193389158695936,0.006981844548135996,0.0005857447977177799,0.21170157194137573,37.994789123535156,,,,,,,,,,,,,5.875
233,250.5,17.0,239.0,0.98388671875,0.8808373808860779,0.10196687281131744,0.031018393114209175,0.031018393114209175,0.1512802094221115,0.04161413758993149,0.09021048247814178,0.003236018819734454,0.006785992067307234,0.0005760148633271456,0.12410006672143936,35.74168395996094,,,,,,,,,,,,,5.5
234,251.125,17.125,238.875,0.98388671875,0.9001550674438477,0.09115448594093323,0.048929594457149506,0.048929594457149506,0.15313030779361725,0.04081449657678604,0.10505858063697815,0.0028603272512555122,0.005277145653963089,0.0005668650264851749,0.14004720747470856,33.530696868896484,,,,,,,,,,,,,4.875
235,248.375,18.0,238.0,0.984375,0.9135618209838867,0.0864381492137909,0.038354724645614624,0.038354724645614624,0.13966885209083557,0.03800465911626816,0.0861944854259491,0.004459347575902939,0.007510976865887642,0.0005582968587987125,0.12595905363559723,31.287202835083008,,,,,,,,,,,,,7.625
236,249.75,17.75,238.25,0.9873046875,0.9173060655593872,0.08269394934177399,0.014368289150297642,0.014368289150297642,0.15810835361480713,0.03515788912773132,0.10430093109607697,0.0023759936448186636,0.007054160814732313,0.0005503116408362985,0.10814830660820007,29.0599365234375,,,,,,,,,,,,,6.25
237,250.25,17.125,238.875,0.9853515625,0.9004934430122375,0.09950657933950424,0.010793591849505901,0.010793591849505901,0.13887295126914978,0.039393894374370575,0.09392751753330231,0.0034831068478524685,0.007715538144111633,0.0005429106531664729,0.09354038536548615,26.806262969970703,,,,,,,,,,,,,5.75
238,250.625,18.125,237.875,0.984375,0.8640350699424744,0.13596491515636444,0.013315048068761826,0.013315048068761826,0.16788294911384583,0.04118708148598671,0.10891509056091309,0.0032261048909276724,0.007769819349050522,0.0005360950599424541,0.10055038332939148,24.556697845458984,,,,,,,,,,,,,5.375
239,251.75,17.5,238.5,0.98486328125,0.8820463418960571,0.11795366555452347,0.006940466817468405,0.006940466817468405,0.14927789568901062,0.04248785227537155,0.10228170454502106,0.00403586495667696,0.005883239209651947,0.0005298659089021385,0.08509096503257751,22.286420822143555,,,,,,,,,,,,,4.25
240,249.875,17.875,238.125,0.98193359375,0.901232123374939,0.09876788407564163,0.15370728075504303,0.15370728075504303,0.15202002227306366,0.04168805107474327,0.09149078279733658,0.0029907291755080223,0.008748198859393597,0.0005242242477834225,0.24190376698970795,20.159019470214844,,,,,,,,,,,,,6.125
241,248.5,17.75,238.25,0.98681640625,0.9172492027282715,0.08275080472230911,0.04893317073583603,0.04893317073583603,0.13254393637180328,0.03520677983760834,0.0900176540017128,0.002372829243540764,0.008079491555690765,0.0005191708914935589,0.14481580257415771,18.154876708984375,,,,,,,,,,,,,7.5
242,246.5,18.0,238.0,0.98095703125,0.8823446035385132,0.11765536665916443,0.02348814532160759,0.02348814532160759,0.17478786408901215,0.042479008436203,0.10040338337421417,0.0032315722201019526,0.014155348762869835,0.0005147067131474614,0.1122591495513916,15.903829574584961,,,,,,,,,,,,,9.5
243,250.875,15.625,240.375,0.98828125,0.9221014380455017,0.0778985470533371,0.01493212953209877,0.01493212953209877,0.13710235059261322,0.028693366795778275,0.09732594341039658,0.0021317368373274803,0.004502016119658947,0.0005108323530294001,0.10211698710918427,13.607277870178223,,,,,,,,,,,,,5.125
244,248.5,17.0,239.0,0.982421875,0.8622475862503052,0.13775241374969482,0.019740289077162743,0.019740289077162743,0.16669394075870514,0.040876202285289764,0.10324046015739441,0.0045750499702990055,0.013116445392370224,0.000507548451423645,0.10250835865736008,11.346797943115234,,,,,,,,,,,,,7.5
245,251.25,18.125,237.875,0.98486328125,0.915123462677002,0.08487654477357864,0.04916916415095329,0.04916916415095329,0.15551920235157013,0.03621497005224228,0.09820698201656342,0.00371689535677433,0.00712867034599185,0.0005048555321991444,0.13776618242263794,8.956952095031738,,,,,,,,,,,,,4.75
246,249.875,16.375,239.625,0.98486328125,0.8851224184036255,0.11487758904695511,0.011094366200268269,0.011094366200268269,0.15657678246498108,0.04345805570483208,0.0917026624083519,0.004516481887549162,0.008208237588405609,0.0005027540028095245,0.09264813363552094,6.68592643737793,,,,,,,,,,,,,6.125
247,250.125,16.625,239.375,0.98291015625,0.8868721723556519,0.11312785744667053,0.023905053734779358,0.023905053734779358,0.150180384516716,0.04261740297079086,0.09194789826869965,0.004093918949365616,0.007106625474989414,0.000501244212500751,0.10873069614171982,4.458743095397949,,,,,,,,,,,,,5.875
248,250.0,14.375,241.625,0.984375,0.8716540932655334,0.12834592163562775,0.040565699338912964,0.040565699338912964,0.14310738444328308,0.03748769313097,0.08070780336856842,0.002633463591337204,0.007971657440066338,0.0005003264523111284,0.14267590641975403,2.2516698837280273,,,,,,,,,,,,,6.0
249,250.25,18.0,238.0,0.9873046875,0.9123563170433044,0.08764367550611496,0.012272623367607594,0.012272623367607594,0.1494794338941574,0.033240906894207,0.10775341093540192,0.00233112508431077,0.00548427551984787,0.0005000007222406566,0.09717393666505814,0.0,,,,,,,,,,,,,5.75
